{
    "name": "root",
    "metadata": {
        "timer_format_version": "0.1.0",
        "start_time_seconds": "1607464476",
        "python_version": "3.7.9 (tags/v3.7.9:13c94747c7, Aug 17 2020, 16:30:00) [MSC v.1900 64 bit (AMD64)]",
        "command_line_arguments": "C:\\Users\\guilh\\python-envs\\sample-env\\Scripts\\mlagents-learn config/volley_config.yaml --run-id=VolleyFinal",
        "mlagents_version": "0.22.0",
        "mlagents_envs_version": "0.22.0",
        "communication_protocol_version": "1.2.0",
        "pytorch_version": "1.7.0+cu110",
        "numpy_version": "1.18.5",
        "end_time_seconds": "1607464566"
    },
    "total": 90.5280607,
    "count": 1,
    "self": 0.13766360000001043,
    "children": {
        "run_training.setup": {
            "total": 0.02312929999999991,
            "count": 1,
            "self": 0.02312929999999991
        },
        "TrainerController.start_learning": {
            "total": 90.3672678,
            "count": 1,
            "self": 0.27674240000037287,
            "children": {
                "TrainerController._reset_env": {
                    "total": 6.0332975,
                    "count": 1,
                    "self": 6.0332975
                },
                "TrainerController.advance": {
                    "total": 83.85153579999962,
                    "count": 5581,
                    "self": 0.14341899999911334,
                    "children": {
                        "env_step": {
                            "total": 83.70811680000051,
                            "count": 5581,
                            "self": 54.732589000000104,
                            "children": {
                                "SubprocessEnvManager._take_step": {
                                    "total": 28.83059740000019,
                                    "count": 5581,
                                    "self": 0.9600986000007232,
                                    "children": {
                                        "TorchPolicy.evaluate": {
                                            "total": 27.870498799999467,
                                            "count": 10004,
                                            "self": 3.1979378999993884,
                                            "children": {
                                                "TorchPolicy.sample_actions": {
                                                    "total": 24.67256090000008,
                                                    "count": 10004,
                                                    "self": 24.67256090000008
                                                }
                                            }
                                        }
                                    }
                                },
                                "workers": {
                                    "total": 0.14493040000021384,
                                    "count": 5581,
                                    "self": 0.0,
                                    "children": {
                                        "worker_root": {
                                            "total": 83.88712939999989,
                                            "count": 5581,
                                            "is_parallel": true,
                                            "self": 40.26529690000001,
                                            "children": {
                                                "steps_from_proto": {
                                                    "total": 0.0003871000000001956,
                                                    "count": 2,
                                                    "is_parallel": true,
                                                    "self": 0.00013130000000138864,
                                                    "children": {
                                                        "_process_vector_observation": {
                                                            "total": 0.000255799999998807,
                                                            "count": 4,
                                                            "is_parallel": true,
                                                            "self": 0.000255799999998807
                                                        }
                                                    }
                                                },
                                                "UnityEnvironment.step": {
                                                    "total": 43.621445399999885,
                                                    "count": 5581,
                                                    "is_parallel": true,
                                                    "self": 1.1138974999999007,
                                                    "children": {
                                                        "UnityEnvironment._generate_step_input": {
                                                            "total": 0.725494399999957,
                                                            "count": 5581,
                                                            "is_parallel": true,
                                                            "self": 0.725494399999957
                                                        },
                                                        "communicator.exchange": {
                                                            "total": 38.83671689999955,
                                                            "count": 5581,
                                                            "is_parallel": true,
                                                            "self": 38.83671689999955
                                                        },
                                                        "steps_from_proto": {
                                                            "total": 2.9453366000004753,
                                                            "count": 11162,
                                                            "is_parallel": true,
                                                            "self": 1.5267908999996491,
                                                            "children": {
                                                                "_process_vector_observation": {
                                                                    "total": 1.4185457000008261,
                                                                    "count": 22324,
                                                                    "is_parallel": true,
                                                                    "self": 1.4185457000008261
                                                                }
                                                            }
                                                        }
                                                    }
                                                }
                                            }
                                        }
                                    }
                                }
                            }
                        }
                    }
                },
                "trainer_threads": {
                    "total": 4.08999999876869e-05,
                    "count": 1,
                    "self": 4.08999999876869e-05,
                    "children": {
                        "thread_root": {
                            "total": 0.0,
                            "count": 0,
                            "is_parallel": true,
                            "self": 0.0,
                            "children": {
                                "trainer_advance": {
                                    "total": 167.36654470000076,