{
    "name": "root",
    "metadata": {
        "timer_format_version": "0.1.0",
        "start_time_seconds": "1607463921",
        "python_version": "3.7.9 (tags/v3.7.9:13c94747c7, Aug 17 2020, 16:30:00) [MSC v.1900 64 bit (AMD64)]",
        "command_line_arguments": "C:\\Users\\guilh\\python-envs\\sample-env\\Scripts\\mlagents-learn config/volley_config.yaml --run-id=Volley5",
        "mlagents_version": "0.22.0",
        "mlagents_envs_version": "0.22.0",
        "communication_protocol_version": "1.2.0",
        "pytorch_version": "1.7.0+cu110",
        "numpy_version": "1.18.5",
        "end_time_seconds": "1607463988"
    },
    "total": 67.5273659,
    "count": 1,
    "self": 0.01086660000001416,
    "children": {
        "run_training.setup": {
            "total": 0.023911400000000027,
            "count": 1,
            "self": 0.023911400000000027
        },
        "TrainerController.start_learning": {
            "total": 67.49258789999999,
            "count": 1,
            "self": 0.2093759000002393,
            "children": {
                "TrainerController._reset_env": {
                    "total": 4.6325936,
                    "count": 1,
                    "self": 4.6325936
                },
                "TrainerController.advance": {
                    "total": 62.48369429999973,
                    "count": 4344,
                    "self": 0.10627909999969631,
                    "children": {
                        "env_step": {
                            "total": 62.37741520000004,
                            "count": 4344,
                            "self": 42.05046880000001,
                            "children": {
                                "SubprocessEnvManager._take_step": {
                                    "total": 20.22308520000007,
                                    "count": 4344,
                                    "self": 0.6861590000000355,
                                    "children": {
                                        "TorchPolicy.evaluate": {
                                            "total": 19.536926200000035,
                                            "count": 7434,
                                            "self": 2.262181100000465,
                                            "children": {
                                                "TorchPolicy.sample_actions": {
                                                    "total": 17.27474509999957,
                                                    "count": 7434,
                                                    "self": 17.27474509999957
                                                }
                                            }
                                        }
                                    }
                                },
                                "workers": {
                                    "total": 0.1038611999999528,
                                    "count": 4343,
                                    "self": 0.0,
                                    "children": {
                                        "worker_root": {
                                            "total": 61.274397999999955,
                                            "count": 4343,
                                            "is_parallel": true,
                                            "self": 28.91018279999974,
                                            "children": {
                                                "steps_from_proto": {
                                                    "total": 0.0002859000000006162,
                                                    "count": 2,
                                                    "is_parallel": true,
                                                    "self": 0.00011620000000167607,
                                                    "children": {
                                                        "_process_vector_observation": {
                                                            "total": 0.00016969999999894014,
                                                            "count": 4,
                                                            "is_parallel": true,
                                                            "self": 0.00016969999999894014
                                                        }
                                                    }
                                                },
                                                "UnityEnvironment.step": {
                                                    "total": 32.363929300000216,
                                                    "count": 4343,
                                                    "is_parallel": true,
                                                    "self": 0.8365951999998451,
                                                    "children": {
                                                        "UnityEnvironment._generate_step_input": {
                                                            "total": 0.5301107999999068,
                                                            "count": 4343,
                                                            "is_parallel": true,
                                                            "self": 0.5301107999999068
                                                        },
                                                        "communicator.exchange": {
                                                            "total": 28.788153300000445,
                                                            "count": 4343,
                                                            "is_parallel": true,
                                                            "self": 28.788153300000445
                                                        },
                                                        "steps_from_proto": {
                                                            "total": 2.209070000000019,
                                                            "count": 8686,
                                                            "is_parallel": true,
                                                            "self": 1.1468673999994214,
                                                            "children": {
                                                                "_process_vector_observation": {
                                                                    "total": 1.0622026000005977,
                                                                    "count": 17372,
                                                                    "is_parallel": true,
                                                                    "self": 1.0622026000005977
                                                                }
                                                            }
                                                        }
                                                    }
                                                }
                                            }
                                        }
                                    }
                                }
                            }
                        }
                    }
                },
                "trainer_threads": {
                    "total": 4.200000000764703e-05,
                    "count": 1,
                    "self": 4.200000000764703e-05,
                    "children": {
                        "thread_root": {
                            "total": 0.0,
                            "count": 0,
                            "is_parallel": true,
                            "self": 0.0,
                            "children": {
                                "trainer_advance": {
                                    "total": 124.74119790000017,