{
    "name": "root",
    "metadata": {
        "timer_format_version": "0.1.0",
        "start_time_seconds": "1607465018",
        "python_version": "3.7.9 (tags/v3.7.9:13c94747c7, Aug 17 2020, 16:30:00) [MSC v.1900 64 bit (AMD64)]",
        "command_line_arguments": "C:\\Users\\guilh\\python-envs\\sample-env\\Scripts\\mlagents-learn config/volley_config.yaml --run-id=VolleyFinalFinalFinalFinal",
        "mlagents_version": "0.22.0",
        "mlagents_envs_version": "0.22.0",
        "communication_protocol_version": "1.2.0",
        "pytorch_version": "1.7.0+cu110",
        "numpy_version": "1.18.5",
        "end_time_seconds": "1607465114"
    },
    "total": 95.3330323,
    "count": 1,
    "self": 0.07906710000000317,
    "children": {
        "run_training.setup": {
            "total": 0.022496300000000025,
            "count": 1,
            "self": 0.022496300000000025
        },
        "TrainerController.start_learning": {
            "total": 95.2314689,
            "count": 1,
            "self": 0.298280699999836,
            "children": {
                "TrainerController._reset_env": {
                    "total": 5.8268811,
                    "count": 1,
                    "self": 5.8268811
                },
                "TrainerController.advance": {
                    "total": 88.80804860000016,
                    "count": 6412,
                    "self": 0.15244299999982047,
                    "children": {
                        "env_step": {
                            "total": 88.65560560000034,
                            "count": 6412,
                            "self": 57.75776430000087,
                            "children": {
                                "SubprocessEnvManager._take_step": {
                                    "total": 30.744381000000104,
                                    "count": 6412,
                                    "self": 1.0389589000005444,
                                    "children": {
                                        "TorchPolicy.evaluate": {
                                            "total": 29.70542209999956,
                                            "count": 11434,
                                            "self": 3.3050706999995327,
                                            "children": {
                                                "TorchPolicy.sample_actions": {
                                                    "total": 26.400351400000027,
                                                    "count": 11434,
                                                    "self": 26.400351400000027
                                                }
                                            }
                                        }
                                    }
                                },
                                "workers": {
                                    "total": 0.15346029999936306,
                                    "count": 6411,
                                    "self": 0.0,
                                    "children": {
                                        "worker_root": {
                                            "total": 88.82438990000006,
                                            "count": 6411,
                                            "is_parallel": true,
                                            "self": 43.156004899999566,
                                            "children": {
                                                "steps_from_proto": {
                                                    "total": 0.00029880000000037654,
                                                    "count": 2,
                                                    "is_parallel": true,
                                                    "self": 0.00011390000000055522,
                                                    "children": {
                                                        "_process_vector_observation": {
                                                            "total": 0.00018489999999982132,
                                                            "count": 4,
                                                            "is_parallel": true,
                                                            "self": 0.00018489999999982132
                                                        }
                                                    }
                                                },
                                                "UnityEnvironment.step": {
                                                    "total": 45.66808620000049,
                                                    "count": 6411,
                                                    "is_parallel": true,
                                                    "self": 1.2065629000005345,
                                                    "children": {
                                                        "UnityEnvironment._generate_step_input": {
                                                            "total": 0.7779050999996633,
                                                            "count": 6411,
                                                            "is_parallel": true,
                                                            "self": 0.7779050999996633
                                                        },
                                                        "communicator.exchange": {
                                                            "total": 40.49033749999987,
                                                            "count": 6411,
                                                            "is_parallel": true,
                                                            "self": 40.49033749999987
                                                        },
                                                        "steps_from_proto": {
                                                            "total": 3.193280700000421,
                                                            "count": 12822,
                                                            "is_parallel": true,
                                                            "self": 1.6531103999998118,
                                                            "children": {
                                                                "_process_vector_observation": {
                                                                    "total": 1.540170300000609,
                                                                    "count": 25644,
                                                                    "is_parallel": true,
                                                                    "self": 1.540170300000609
                                                                }
                                                            }
                                                        }
                                                    }
                                                }
                                            }
                                        }
                                    }
                                }
                            }
                        }
                    }
                },
                "trainer_threads": {
                    "total": 5.55999999960477e-05,
                    "count": 1,
                    "self": 5.55999999960477e-05,
                    "children": {
                        "thread_root": {
                            "total": 0.0,
                            "count": 0,
                            "is_parallel": true,
                            "self": 0.0,
                            "children": {
                                "trainer_advance": {
                                    "total": 177.3394402000006,